{
  "test_n": 106,
  "n_bootstrap": 1000,
  "bootstrap_seed": 42,
  "thresholds": [
    0.65,
    0.75,
    0.85
  ],
  "baselines": [
    {
      "name": "Random",
      "display_name": "Random",
      "family": "Trivial",
      "source_predictions": "C:/StreamingACD/psr/baseline_predictions/Random/test_predictions.npy",
      "n_test": 106,
      "paper_spearman_rho": -0.052,
      "sanity_check": {
        "recomputed_rho_rounded3": -0.052,
        "paper_rho": -0.052,
        "abs_diff": 0.0,
        "status": "OK"
      },
      "spearman_rho": {
        "point": -0.05201904426027156,
        "p_value": 0.5964049662800102,
        "ci95": [
          -0.22700954614849306,
          0.1322966816233847
        ]
      },
      "pearson_r": {
        "point": -0.03905054255721804,
        "p_value": 0.6910470623385998,
        "ci95": [
          -0.218674692188764,
          0.142888477264134
        ]
      },
      "r2": {
        "point": -1.1410211881506536,
        "ci95": [
          -1.8014823924320362,
          -0.7016248178799648
        ]
      },
      "mae": {
        "point": 0.3811105988310363,
        "ci95": [
          0.336694994159024,
          0.42839316624735724
        ]
      },
      "f2_at_0.65": {
        "point": 0.28112449799196787,
        "ci95": [
          0.16301831723027377,
          0.40427217560683243
        ]
      },
      "f2_at_0.75": {
        "point": 0.1674641148325359,
        "ci95": [
          0.07074641243688547,
          0.27403573006754617
        ]
      },
      "f2_at_0.85": {
        "point": 0.07462686567164178,
        "ci95": [
          0.0,
          0.1866378335594753
        ]
      },
      "STATUS": "OK"
    },
    {
      "name": "Ridge",
      "display_name": "Ridge",
      "family": "Linear",
      "source_predictions": "C:/StreamingACD/psr/baseline_predictions/Ridge/test_predictions.npy",
      "n_test": 106,
      "paper_spearman_rho": 0.53,
      "sanity_check": {
        "recomputed_rho_rounded3": 0.53,
        "paper_rho": 0.53,
        "abs_diff": 0.0,
        "status": "OK"
      },
      "spearman_rho": {
        "point": 0.5298989848099352,
        "p_value": 5.183892029263825e-09,
        "ci95": [
          0.3729697781645882,
          0.6662719256573127
        ]
      },
      "pearson_r": {
        "point": 0.5513325620316291,
        "p_value": 9.094252730257672e-10,
        "ci95": [
          0.4135004938943365,
          0.6657275023703062
        ]
      },
      "r2": {
        "point": 0.2931626439733531,
        "ci95": [
          0.12877391700862667,
          0.4187083893453826
        ]
      },
      "mae": {
        "point": 0.22161219125459716,
        "ci95": [
          0.19411938282661018,
          0.24862041001466959
        ]
      },
      "f2_at_0.65": {
        "point": 0.4098360655737705,
        "ci95": [
          0.27192412077349315,
          0.5339898465871192
        ]
      },
      "f2_at_0.75": {
        "point": 0.20304568527918782,
        "ci95": [
          0.07692307692307693,
          0.33636074415222394
        ]
      },
      "f2_at_0.85": {
        "point": 0.08,
        "ci95": [
          0.0,
          0.1953125
        ]
      },
      "STATUS": "OK"
    },
    {
      "name": "BayesianRidge",
      "display_name": "BayesianRidge",
      "family": "Linear",
      "source_predictions": "C:/StreamingACD/psr/baseline_predictions/BayesianRidge/test_predictions.npy",
      "n_test": 106,
      "paper_spearman_rho": 0.551,
      "sanity_check": {
        "recomputed_rho_rounded3": 0.551,
        "paper_rho": 0.551,
        "abs_diff": 0.0,
        "status": "OK"
      },
      "spearman_rho": {
        "point": 0.5507267551704159,
        "p_value": 9.569056235195682e-10,
        "ci95": [
          0.3985236913120384,
          0.6733109563181716
        ]
      },
      "pearson_r": {
        "point": 0.5639114606871395,
        "p_value": 3.088123935928816e-10,
        "ci95": [
          0.4413213970785282,
          0.6691253365699928
        ]
      },
      "r2": {
        "point": 0.29336255950069234,
        "ci95": [
          0.16529502010866615,
          0.3879248457363498
        ]
      },
      "mae": {
        "point": 0.22561890863935924,
        "ci95": [
          0.1987711594313936,
          0.250836250618935
        ]
      },
      "f2_at_0.65": {
        "point": 0.4132231404958678,
        "ci95": [
          0.28030893042575283,
          0.5429987212276214
        ]
      },
      "f2_at_0.75": {
        "point": 0.13089005235602094,
        "ci95": [
          0.02808596447178457,
          0.23809523809523808
        ]
      },
      "f2_at_0.85": {
        "point": 0.04065040650406504,
        "ci95": [
          0.0,
          0.13398944805194798
        ]
      },
      "STATUS": "OK"
    },
    {
      "name": "RandomForest",
      "display_name": "RandomForest",
      "family": "Tree-Based",
      "source_predictions": "C:/StreamingACD/psr/baseline_predictions/RandomForest/test_predictions.npy",
      "n_test": 106,
      "paper_spearman_rho": 0.532,
      "sanity_check": {
        "recomputed_rho_rounded3": 0.53,
        "paper_rho": 0.532,
        "abs_diff": 0.002,
        "status": "OK"
      },
      "spearman_rho": {
        "point": 0.5303221905937476,
        "p_value": 5.014604742968254e-09,
        "ci95": [
          0.37163276577780235,
          0.6622983771425037
        ]
      },
      "pearson_r": {
        "point": 0.5743519282425071,
        "p_value": 1.2166521260631753e-10,
        "ci95": [
          0.43513695078708,
          0.6882386230859068
        ]
      },
      "r2": {
        "point": 0.3176961330141781,
        "ci95": [
          0.13131873243958567,
          0.45557546308794983
        ]
      },
      "mae": {
        "point": 0.21699355494198103,
        "ci95": [
          0.19247846721918913,
          0.24293666606780429
        ]
      },
      "f2_at_0.65": {
        "point": 0.5984555984555985,
        "ci95": [
          0.4566162678337975,
          0.7167847833170413
        ]
      },
      "f2_at_0.75": {
        "point": 0.3217821782178218,
        "ci95": [
          0.17042023495827843,
          0.45248868778280543
        ]
      },
      "f2_at_0.85": {
        "point": 0.04132231404958678,
        "ci95": [
          0.0,
          0.1352614296539529
        ]
      },
      "STATUS": "OK"
    },
    {
      "name": "LightGBM",
      "display_name": "LightGBM",
      "family": "Tree-Based",
      "source_predictions": "C:/StreamingACD/psr/baseline_predictions/LightGBM/test_predictions.npy",
      "n_test": 106,
      "paper_spearman_rho": 0.549,
      "sanity_check": {
        "recomputed_rho_rounded3": 0.549,
        "paper_rho": 0.549,
        "abs_diff": 0.0,
        "status": "OK"
      },
      "spearman_rho": {
        "point": 0.5488122528150742,
        "p_value": 1.1231250737405651e-09,
        "ci95": [
          0.3841865798432373,
          0.6729684435520337
        ]
      },
      "pearson_r": {
        "point": 0.5920194383415006,
        "p_value": 2.3298004977954853e-11,
        "ci95": [
          0.4439854218961602,
          0.7076001132943707
        ]
      },
      "r2": {
        "point": 0.33291185194110773,
        "ci95": [
          0.12624740689701447,
          0.4817853862510173
        ]
      },
      "mae": {
        "point": 0.21102133849034038,
        "ci95": [
          0.18538208014939475,
          0.23882622086578026
        ]
      },
      "f2_at_0.65": {
        "point": 0.5813953488372093,
        "ci95": [
          0.4457316371172001,
          0.6972887992406265
        ]
      },
      "f2_at_0.75": {
        "point": 0.3217821782178218,
        "ci95": [
          0.1843046541366082,
          0.46116504854368934
        ]
      },
      "f2_at_0.85": {
        "point": 0.08130081300813008,
        "ci95": [
          0.0,
          0.2066858019498193
        ]
      },