{
  "spearman_rho": 0.2471738787528261,
  "spearman_p": 0.03021851053026382,
  "pearson_r": 0.007378128357231617,
  "pearson_p": 0.9492212826827838,
  "r2": -3.491218063808666,
  "mae": 0.5874402523040771,
  "f2_065": 0.0,
  "f2_075": 0.0,
  "f2_085": 0.0
}
