{
  "spearman_rho": -0.08577560799093278,
  "spearman_p": 0.38197904936336646,
  "pearson_r": -0.0786449784265746,
  "pearson_p": 0.42293409748255795,
  "r2": -0.2651475243278134,
  "mae": 0.28729666574807616,
  "f2_065": 0.23923444976076558,
  "f2_075": 0.09803921568627451,
  "f2_085": 0.0
}
