{
  "spearman_rho": 0.5096406241599298,
  "spearman_p": 2.411578911910085e-08,
  "pearson_r": 0.5065311190960277,
  "pearson_p": 3.026756456171453e-08,
  "r2": 0.25525928614284177,
  "mae": 0.22190650785331298,
  "f2_065": 0.5405405405405406,
  "f2_075": 0.2564102564102564,
  "f2_085": 0.11111111111111112
}
