{
  "spearman_rho": 0.0482117133802527,
  "spearman_p": 0.6518125418489752,
  "pearson_r": 0.19181807339191437,
  "pearson_p": 0.0701150145045445,
  "r2": -0.0006831863442053887,
  "mae": 0.2757742702960968,
  "f2_065": 0.36269430051813467,
  "f2_075": 0.1785714285714286,
  "f2_085": 0.04065040650406504
}
