{
  "spearman_rho": 0.09728773099559615,
  "spearman_p": 0.36165429475823274,
  "pearson_r": 0.14266687631607056,
  "pearson_p": 0.17978719811058919,
  "r2": -0.028222858273932117,
  "mae": 0.2806464433670044,
  "f2_065": 0.36269430051813467,
  "f2_075": 0.14792899408284022,
  "f2_085": 0.04132231404958678
}
