{
  "input": "/Users/sergiopinto/explainableACD/data/pipeline_output/streaming_full/2026-01-17_03-56/cluster_timeseries.parquet",
  "method": "vectorized equivalent of evaluate_nab_style using arrival-rate signal, adaptive window, fp_weight=0.1",
  "min_rows": 89,
  "fp_weight": 0.1,
  "history_window": 6,
  "engagement_weight": 0.3,
  "cluster_count": 820,
  "detectors": [
    {
      "detector": "Random",
      "runtime_seconds": 0.21867108345031738,
      "best": {
        "threshold": 0.3,
        "clusters_evaluated": 820,
        "total_points": 150737,
        "total_detections": 101033,
        "total_tp": 812,
        "total_fp": 794,
        "nab_score": 72.22764227642276,
        "detection_rate": 99.02439024390245,
        "missed_rate": 0.975609756097561,
        "median_lead": 22.0,
        "mean_lead": 19.852216748768473,
        "precision": 0.8036978017083527
      },
      "threshold_results": [
        {
          "threshold": 0.3,
          "clusters_evaluated": 820,
          "total_points": 150737,
          "total_detections": 101033,
          "total_tp": 812,
          "total_fp": 794,
          "nab_score": 72.22764227642276,
          "detection_rate": 99.02439024390245,
          "missed_rate": 0.975609756097561,
          "median_lead": 22.0,
          "mean_lead": 19.852216748768473,
          "precision": 0.8036978017083527
        },
        {
          "threshold": 0.4,
          "clusters_evaluated": 820,
          "total_points": 150737,
          "total_detections": 83740,
          "total_tp": 800,
          "total_fp": 787,
          "nab_score": 67.85670731707317,
          "detection_rate": 97.5609756097561,
          "missed_rate": 2.4390243902439024,
          "median_lead": 22.0,
          "mean_lead": 19.05375,
          "precision": 0.9553379508000955
        },
        {
          "threshold": 0.5,
          "clusters_evaluated": 820,
          "total_points": 150737,
          "total_detections": 74335,
          "total_tp": 796,
          "total_fp": 787,
          "nab_score": 65.88516260162602,
          "detection_rate": 97.07317073170732,
          "missed_rate": 2.926829268292683,
          "median_lead": 21.0,
          "mean_lead": 18.662060301507537,
          "precision": 1.07082800834062
        },
        {
          "threshold": 0.6,
          "clusters_evaluated": 820,
          "total_points": 150737,
          "total_detections": 59110,
          "total_tp": 779,
          "total_fp": 787,
          "nab_score": 61.20020325203252,
          "detection_rate": 95.0,
          "missed_rate": 5.0,
          "median_lead": 20.0,
          "mean_lead": 17.885750962772786,
          "precision": 1.3178819150735916
        },
        {
          "threshold": 0.7,
          "clusters_evaluated": 820,
          "total_points": 150737,
          "total_detections": 45220,
          "total_tp": 745,
          "total_fp": 787,
          "nab_score": 53.796747967479675,
          "detection_rate": 90.85365853658537,
          "missed_rate": 9.146341463414634,
          "median_lead": 19.0,
          "mean_lead": 16.746308724832215,
          "precision": 1.64750110570544
        }
      ]
    },
    {
      "detector": "Bayesian Changept",
      "runtime_seconds": 11.92310094833374,
      "best": {
        "threshold": 0.1,
        "clusters_evaluated": 820,
        "total_points": 150737,
        "total_detections": 4254,
        "total_tp": 336,
        "total_fp": 675,
        "nab_score": 7.428861788617885,
        "detection_rate": 40.97560975609756,
        "missed_rate": 59.02439024390244,
        "median_lead": 7.5,
        "mean_lead": 9.172619047619047,
        "precision": 7.898448519040903
      },
      "threshold_results": [
        {
          "threshold": 0.1,
          "clusters_evaluated": 820,
          "total_points": 150737,
          "total_detections": 4254,
          "total_tp": 336,
          "total_fp": 675,
          "nab_score": 7.428861788617885,
          "detection_rate": 40.97560975609756,
          "missed_rate": 59.02439024390244,
          "median_lead": 7.5,
          "mean_lead": 9.172619047619047,
          "precision": 7.898448519040903
        },
        {
          "threshold": 0.2,
          "clusters_evaluated": 820,
          "total_points": 150737,
          "total_detections": 3895,
          "total_tp": 328,
          "total_fp": 673,
          "nab_score": 6.833333333333333,
          "detection_rate": 40.0,
          "missed_rate": 60.0,
          "median_lead": 7.0,
          "mean_lead": 9.024390243902438,
          "precision": 8.421052631578947
        },
        {
          "threshold": 0.3,
          "clusters_evaluated": 820,
          "total_points": 150737,
          "total_detections": 3609,
          "total_tp": 319,
          "total_fp": 672,
          "nab_score": 6.057926829268292,
          "detection_rate": 38.90243902439025,
          "missed_rate": 61.09756097560975,
          "median_lead": 7.0,
          "mean_lead": 8.793103448275861,
          "precision": 8.83901357716819
        },
        {
          "threshold": 0.4,
          "clusters_evaluated": 820,
          "total_points": 150737,
          "total_detections": 3299,
          "total_tp": 309,
          "total_fp": 666,
          "nab_score": 5.3130081300813,
          "detection_rate": 37.68292682926829,
          "missed_rate": 62.31707317073171,
          "median_lead": 7.0,
          "mean_lead": 8.556634304207119,
          "precision": 9.366474689299787
        },
        {
          "threshold": 0.5,
          "clusters_evaluated": 820,
          "total_points": 150737,
          "total_detections": 3052,
          "total_tp": 304,
          "total_fp": 665,
          "nab_score": 5.025406504065041,
          "detection_rate": 37.073170731707314,
          "missed_rate": 62.926829268292686,
          "median_lead": 7.0,
          "mean_lead": 8.50328947368421,
          "precision": 9.960681520314548
        },
        {
          "threshold": 0.6,
          "clusters_evaluated": 820,
          "total_points": 150737,
          "total_detections": 2842,
          "total_tp": 296,
          "total_fp": 661,
          "nab_score": 4.652439024390244,
          "detection_rate": 36.09756097560975,
          "missed_rate": 63.90243902439025,
          "median_lead": 7.0,
          "mean_lead": 8.452702702702704,
          "precision": 10.415200562983815
        },
        {
          "threshold": 0.7,
          "clusters_evaluated": 820,
          "total_points": 150737,
          "total_detections": 2609,
          "total_tp": 286,
          "total_fp": 657,
          "nab_score": 3.827235772357724,
          "detection_rate": 34.8780487804878,
          "missed_rate": 65.1219512195122,
          "median_lead": 6.0,
          "mean_lead": 8.146853146853147,
          "precision": 10.962054426983519
        },
        {
          "threshold": 0.8,
          "clusters_evaluated": 820,
          "total_points": 150737,
          "total_detections": 2323,
          "total_tp": 279,
          "total_fp": 648,
          "nab_score": 3.154471544715447,
          "detection_rate": 34.02439024390244,
          "missed_rate": 65.97560975609755,
          "median_lead": 5.0,
          "mean_lead": 7.799283154121864,
          "precision": 12.0103314679294
        }
      ]
    },
    {
      "detector": "Etsy Skyline",
      "runtime_seconds": 50.107600927352905,
      "best": {
        "threshold": 0.3,
        "clusters_evaluated": 820,
        "total_points": 150737,
        "total_detections": 4415,
        "total_tp": 389,
        "total_fp": 737,
        "nab_score": 8.237804878048781,
        "detection_rate": 47.4390243902439,
        "missed_rate": 52.5609756097561,
        "median_lead": 6.0,
        "mean_lead": 8.7146529562982,
        "precision": 8.810872027180068
      },
      "threshold_results": [
        {
          "threshold": 0.3,