{
  "params": {
    "decay": 0.005,
    "gamma": 1.0,
    "threshold": 0.05,
    "use_arrival_rate": true,
    "min_rows": 50,
    "fp_weight": 0.1,
    "n_components": 20000,
    "history_window": 6,
    "engagement_weight": 0.3
  },
  "input": "/Users/sergiopinto/explainableACD/data/pipeline_output/streaming_full/2026-01-17_03-56/cluster_timeseries.parquet",
  "clusters_evaluated": 1543,
  "total_points": 198614,
  "total_detections": 196986,
  "total_tp": 1523,
  "total_fp": 1469,
  "nab_score": 72.21160077770577,
  "detection_rate": 95.00972132209981,
  "missed_rate": 4.990278677900195,
  "median_lead": 23.0,
  "mean_lead": 20.645975443383357,
  "precision": 0.7731513914694446,
  "runtime_seconds": 41.9411780834198
}