{
  "0.55": {
    "n_clusters": 227,
    "total_tweets": 5000,
    "singletons": 142,
    "singleton_pct": 62.55506607929515,
    "size_2_5": 39,
    "size_6_20": 21,
    "size_21_100": 17,
    "size_100_plus": 8,
    "mean_size": 22.026431718061673,
    "median_size": 1.0,
    "max_size": 1296,
    "cluster_yield_pct": 97.16,
    "mean_intra_sim": 0.8184182861272027,
    "std_intra_sim": 0.07434027555423785,
    "n_clusters_measured": 85
  },
  "0.6": {
    "n_clusters": 456,
    "total_tweets": 5000,
    "singletons": 323,
    "singleton_pct": 70.83333333333334,
    "size_2_5": 83,
    "size_6_20": 22,
    "size_21_100": 17,
    "size_100_plus": 11,
    "mean_size": 10.964912280701755,
    "median_size": 1.0,
    "max_size": 946,
    "cluster_yield_pct": 93.54,
    "mean_intra_sim": 0.8525743659277608,
    "std_intra_sim": 0.06899484133085863,
    "n_clusters_measured": 133
  },
  "0.65": {
    "n_clusters": 845,
    "total_tweets": 5000,
    "singletons": 655,
    "singleton_pct": 77.51479289940828,
    "size_2_5": 113,
    "size_6_20": 49,
    "size_21_100": 17,
    "size_100_plus": 11,
    "mean_size": 5.9171597633136095,
    "median_size": 1.0,
    "max_size": 818,
    "cluster_yield_pct": 86.9,
    "mean_intra_sim": 0.8685999195826681,
    "std_intra_sim": 0.06253063634770052,
    "n_clusters_measured": 190
  },
  "0.7": {
    "n_clusters": 1616,
    "total_tweets": 5000,
    "singletons": 1370,
    "singleton_pct": 84.77722772277228,
    "size_2_5": 172,
    "size_6_20": 49,
    "size_21_100": 17,
    "size_100_plus": 8,
    "mean_size": 3.094059405940594,
    "median_size": 1.0,
    "max_size": 559,
    "cluster_yield_pct": 72.6,
    "mean_intra_sim": 0.8950629580020905,
    "std_intra_sim": 0.05413345892327873,
    "n_clusters_measured": 200
  },
  "0.75": {
    "n_clusters": 2745,
    "total_tweets": 5000,
    "singletons": 2458,
    "singleton_pct": 89.54462659380692,
    "size_2_5": 226,
    "size_6_20": 41,
    "size_21_100": 16,
    "size_100_plus": 4,
    "mean_size": 1.8214936247723132,
    "median_size": 1.0,
    "max_size": 358,
    "cluster_yield_pct": 50.839999999999996,
    "mean_intra_sim": 0.9243891477584839,
    "std_intra_sim": 0.045200513457111,
    "n_clusters_measured": 200
  },
  "0.8": {
    "n_clusters": 3881,
    "total_tweets": 5000,
    "singletons": 3615,
    "singleton_pct": 93.14609636691574,
    "size_2_5": 234,
    "size_6_20": 22,
    "size_21_100": 8,
    "size_100_plus": 2,
    "mean_size": 1.2883277505797475,
    "median_size": 1.0,
    "max_size": 184,
    "cluster_yield_pct": 27.700000000000003,
    "mean_intra_sim": 0.9480317541956902,
    "std_intra_sim": 0.034181211101316084,
    "n_clusters_measured": 200
  }
}